image_id,energija,masti,ugljeni_hidrati,proteini
slika1,98.0,4.6,13.0,1.2
slika2,38.0,0.2,6.7,0.7
slika3,370.0,28.5,0.1,28.2
slika4,291.0,20.0,2.0,25.0
slika5,398.0,29.0,0.0,33.0
slika6,291.0,20.0,2.0,25.0
slika7,243.0,23.0,2.8,6.3
slika8,182.0,16.2,4.5,4.6
slika9,212.0,19.0,4.0,5.6
slika10,220.0,17.5,2.2,13.5
slika11,220.0,17.5,2.0,25.0
slika12,130.0,7.5,2.5,13.0
slika13,130.0,7.5,2.5,13.0
slika14,111.0,5.0,4.0,12.5
slika15,65.0,0.3,6.0,10.0
slika16,75.0,0.6,6.5,10.0
slika17,202.0,19.0,1.9,3.4
slika18,743.0,82.0,0.7,0.6
slika19,83.0,1.5,9.2,7.8
slika20,570.0,36.1,54.9,6.4
slika21,175.0,8.2,6.6,17.3
slika22,337.0,29.3,0.0,18.4
slika23,309.0,11.0,13.0,24.0
slika24,185.0,3.4,34.0,4.7
slika25,30.0,0.1,6.3,0.7
slika26,326.0,6.8,52.0,11.0
slika27,156.0,11.5,3.2,7.2
slika28,429.0,13.6,43.3,29.1
slika29,49.0,0.1,9.8,0.9
slika30,385.0,8.2,61.0,13.0
slika31,386.0,7.9,62.0,7.2
slika32,387.0,9.0,61.0,11.0
slika33,387.0,9.0,61.0,11.0
slika34,377.0,6.3,63.0,13.0
slika35,388.0,7.9,64.0,11.0
slika36,368.0,3.2,75.7,9.1
slika37,364.0,1.2,81.0,7.2
slika38,578.0,39.1,46.9,9.0
slika39,551.0,33.3,57.3,3.7
slika40,531.0,28.8,63.0,4.1
slika41,297.0,0.0,72.0,0.0
slika42,307.0,0.0,73.0,1.1
slika43,526.0,29.0,58.5,6.1
slika44,649.0,53.8,15.3,23.1
slika45,567.0,36.5,52.7,6.2
slika46,547.0,33.1,54.3,7.0
slika47,608.0,46.6,34.7,9.4
slika48,507.0,36.1,54.9,6.4
slika49,519.0,29.7,55.6,5.6
slika50,564.0,35.7,52.7,7.2
slika51,579.0,39.3,47.9,6.9
slika52,565.0,36.4,52.9,6.0
slika53,500.0,30.0,45.4,8.4
slika54,533.0,37.9,34.4,8.0
slika55,313.0,26.5,2.1,14.0
slika56,594.0,43.9,43.7,4.8
slika57,487.0,27.8,55.6,4.2
slika58,568.0,36.4,51.8,7.8
slika59,524.0,31.1,52.6,5.3
slika60,557.0,35.0,55.0,5.2
slika61,489.0,26.0,54.8,7.1
slika62,490.0,26.5,53.9,4.0
slika63,367.0,5.7,71.0,3.9
slika64,12.0,0.1,1.6,0.6
slika65,461.0,18.0,71.0,2.8
slika66,561.0,34.5,54.9,7.3
slika67,561.0,34.5,54.9,7.3
slika68,326.0,5.5,62.6,2.4
slika69,121.0,5.0,3.0,16.0
slika70,480.0,25.8,45.0,12.2
slika71,121.0,5.0,3.0,16.0
slika72,517.0,47.0,2.5,21.0
slika73,107.0,2.8,2.4,18.0
slika74,101.0,3.7,1.0,16.0
slika75,158.0,10.4,0.9,15.1
slika76,353.0,32.1,2.4,13.5
slika77,404.0,33.5,0.1,25.6
slika78,165.0,5.8,0.3,27.3
slika79,442.0,39.9,0.3,20.1
slika80,414.0,35.0,0.8,24.0
slika81,35.0,0.3,5.5,1.2
slika82,442.0,39.9,0.3,20.1
slika83,265.0,19.4,0.4,22.2
slika84,305.0,21.0,1.4,29.0
slika85,165.0,5.8,0.3,27.3
slika86,344.0,26.0,1.4,26.0
slika87,272.0,18.0,0.5,27.0
slika88,297.0,0.0,72.0,0.0
slika89,307.0,0.0,73.0,1.1
slika90,374.0,6.1,61.0,14.0
slika91,423.0,10.6,67.5,11.0
slika92,429.0,10.6,72.3,9.8
slika93,379.0,2.5,79.5,8.0
slika94,390.0,4.1,75.0,9.5
slika95,379.0,3.2,74.0,9.6
slika96,357.0,3.1,70.6,9.3
slika97,478.0,28.5,46.9,7.2
slika98,211.0,5.4,31.0,8.8
slika99,478.0,28.5,46.9,7.2
slika100,400.0,17.8,51.8,7.1
slika101,568.0,36.4,51.8,7.8
slika102,371.0,2.7,80.6,5.1
slika103,576.0,39.1,46.4,8.1
slika104,404.0,6.0,76.3,18.8
slika105,434.0,14.0,67.0,8.0
slika106,464.0,28.0,47.0,5.4
slika107,536.0,30.0,60.0,6.0
slika108,513.0,27.0,61.0,6.0
slika109,510.0,27.1,59.1,5.9
slika110,423.0,12.1,65.5,11.2
slika111,423.0,12.1,65.5,11.2
slika112,423.0,12.1,65.5,11.2
slika113,536.0,28.5,62.1,6.2
slika114,497.0,20.0,66.0,8.9
slika115,497.0,20.0,66.0,8.9
slika116,541.0,30.1,61.8,4.6
slika117,416.0,14.3,71.3,0.7
slika118,26.0,0.2,4.0,1.3
slika119,423.0,12.1,65.5,11.2
slika120,116.0,0.5,22.6,4.2
slika121,407.0,17.2,55.0,7.1
slika122,573.0,36.3,59.1,2.1
slika123,183.0,9.7,0.0,24.0
slika124,644.0,0.5,54.5,8.6
slika125,530.0,30.0,58.0,6.2
slika126,112.0,4.0,10.6,8.4
slika127,527.0,28.5,61.1,5.7
slika128,547.0,33.1,54.3,7.0
slika129,371.0,2.7,80.6,5.1
slika130,335.0,0.1,83.0,0.4
slika131,459.0,16.0,77.0,1.8
slika132,570.0,36.1,54.9,6.4
slika133,542.0,35.0,48.0,4.8
slika134,309.0,11.0,13.0,24.0
slika135,533.0,31.6,52.6,7.9
slika136,546.0,33.9,51.9,5.9
slika137,447.0,17.1,45.2,26.3
slika138,325.0,5.6,61.6,2.7
slika139,499.0,28.7,46.4,10.9
slika140,484.0,22.0,65.0,5.0
slika141,335.0,2.0,61.0,12.0
slika142,353.0,0.8,77.8,8.7
slika143,345.0,0.8,79.0,5.5
slika144,91.0,1.3,16.0,3.9
slika145,309.0,11.0,13.0,24.0
slika146,404.0,6.0,76.3,9.4
slika147,136.0,7.6,12.9,4.0
slika148,112.0,4.0,10.6,8.4
slika149,376.0,7.7,70.0,4.7
slika150,538.0,30.6,58.2,5.8
slika151,298.0,0.5,35.3,23.2
slika152,446.0,31.0,3.8,21.0
slika153,357.0,3.1,70.6,9.3
slika154,341.0,1.1,73.6,7.5
slika155,347.0,1.5,70.0,12.0
slika156,381.0,5.6,65.0,16.0
slika157,350.0,1.2,70.5,12.5
slika158,89.0,5.0,9.5,0.9
slika159,332.0,35.0,2.5,1.0
slika160,464.0,45.4,8.7,4.5
slika161,335.0,34.0,11.0,1.0
slika162,156.0,11.5,3.2,7.2
slika163,26.0,0.2,4.0,1.3
slika164,204.0,4.5,31.0,8.6
slika165,337.0,29.3,0.0,18.4
slika166,110.0,1.0,0.0,26.0
slika167,175.0,8.2,6.6,17.3
slika168,318.0,1.3,65.0,10.0
slika169,628.0,56.5,13.4,6.8
slika170,608.0,56.0,5.0,21.0
slika171,122.0,2.0,20.5,2.9
slika172,98.0,1.5,16.9,3.3
slika173,65.0,0.3,6.0,10.0
slika174,87.0,2.4,6.2,10.0
slika175,66.0,0.2,4.1,12.0
slika176,130.0,7.5,2.5,13.0
slika177,546.0,31.2,59.3,6.4
slika178,423.0,12.1,65.5,11.2
slika179,83.0,4.1,7.8,2.6
slika180,386.0,0.0,96.4,0.0
slika181,334.0,0.5,76.0,5.7
slika182,342.0,0.5,78.7,4.4
slika183,425.0,11.5,66.6,12.0
slika184,519.0,30.0,54.0,6.3
slika185,528.0,0.0,54.0,6.2
slika186,479.0,22.0,56.0,12.0
slika187,461.0,16.0,67.0,9.9
slika188,449.0,23.8,44.5,8.0
slika189,453.0,23.5,47.5,8.2
slika190,381.0,11.3,65.4,3.6
slika191,534.0,29.4,60.3,5.9
slika192,484.0,20.0,67.0,6.9
slika193,475.0,18.0,70.0,6.9
slika194,476.0,19.0,68.0,6.3
slika195,360.0,6.7,68.0,5.0
slika196,369.0,7.0,70.0,4.7
slika197,164.0,11.6,2.3,10.9
slika198,214.0,17.3,3.2,11.3
slika199,214.0,17.3,3.2,11.3
slika200,205.0,17.0,2.0,11.0
